{"IcoMoonType":"selection","icons":[{"icon":{"paths":["M512 950.857c-9.143 0-18.286-3.429-25.143-10.286l-356.571-344c-4.571-4-130.286-118.857-130.286-256 0-167.429 102.286-267.429 273.143-267.429 100 0 193.714 78.857 238.857 123.429 45.143-44.571 138.857-123.429 238.857-123.429 170.857 0 273.143 100 273.143 267.429 0 137.143-125.714 252-130.857 257.143l-356 342.857c-6.857 6.857-16 10.286-25.143 10.286z"],"width":1024,"attrs":[],"isMulticolor":false,"isMulticolor2":false,"tags":["heart"],"defaultCode":61444,"grid":14},"attrs":[],"properties":{"name":"heart","id":8,"order":21,"prevSize":28,"code":61444},"setIdx":0,"setId":5,"iconIdx":8},{"icon":{"paths":["M950.857 369.714c0 10.286-7.429 20-14.857 27.429l-207.429 202.286 49.143 285.714c0.571 4 0.571 7.429 0.571 11.429 0 14.857-6.857 28.571-23.429 28.571-8 0-16-2.857-22.857-6.857l-256.571-134.857-256.571 134.857c-7.429 4-14.857 6.857-22.857 6.857-16.571 0-24-13.714-24-28.571 0-4 0.571-7.429 1.143-11.429l49.143-285.714-208-202.286c-6.857-7.429-14.286-17.143-14.286-27.429 0-17.143 17.714-24 32-26.286l286.857-41.714 128.571-260c5.143-10.857 14.857-23.429 28-23.429s22.857 12.571 28 23.429l128.571 260 286.857 41.714c13.714 2.286 32 9.143 32 26.286z"],"width":950.8571428571428,"attrs":[],"isMulticolor":false,"isMulticolor2":false,"tags":["star"],"defaultCode":61445,"grid":14},"attrs":[],"properties":{"name":"star","id":9,"order":22,"prevSize":28,"code":61445},"setIdx":0,"setId":5,"iconIdx":9},{"icon":{"paths":["M512 310.857v256c0 10.286-8 18.286-18.286 18.286h-182.857c-10.286 0-18.286-8-18.286-18.286v-36.571c0-10.286 8-18.286 18.286-18.286h128v-201.143c0-10.286 8-18.286 18.286-18.286h36.571c10.286 0 18.286 8 18.286 18.286zM749.714 512c0-171.429-139.429-310.857-310.857-310.857s-310.857 139.429-310.857 310.857 139.429 310.857 310.857 310.857 310.857-139.429 310.857-310.857zM877.714 512c0 242.286-196.571 438.857-438.857 438.857s-438.857-196.571-438.857-438.857 196.571-438.857 438.857-438.857 438.857 196.571 438.857 438.857z"],"width":877.7142857142857,"attrs":[],"isMulticolor":false,"isMulticolor2":false,"tags":["clock-o"],"defaultCode":61463,"grid":14},"attrs":[],"properties":{"name":"clock-o","id":26,"order":24,"prevSize":28,"code":61463},"setIdx":0,"setId":5,"iconIdx":26},{"icon":{"paths":["M694.857 548.571v-73.143c0-20-16.571-36.571-36.571-36.571h-146.286v-146.286c0-20-16.571-36.571-36.571-36.571h-73.143c-20 0-36.571 16.571-36.571 36.571v146.286h-146.286c-20 0-36.571 16.571-36.571 36.571v73.143c0 20 16.571 36.571 36.571 36.571h146.286v146.286c0 20 16.571 36.571 36.571 36.571h73.143c20 0 36.571-16.571 36.571-36.571v-146.286h146.286c20 0 36.571-16.571 36.571-36.571zM877.714 512c0 242.286-196.571 438.857-438.857 438.857s-438.857-196.571-438.857-438.857 196.571-438.857 438.857-438.857 438.857 196.571 438.857 438.857z"],"width":877.7142857142857,"attrs":[],"isMulticolor":false,"isMulticolor2":false,"tags":["plus-circle"],"defaultCode":61525,"grid":14},"attrs":[],"properties":{"name":"plus-circle","id":84,"order":9,"prevSize":28,"code":61525},"setIdx":0,"setId":5,"iconIdx":84},{"icon":{"paths":["M961.714 461.714l-424 423.429c-14.286 14.286-37.143 14.286-51.429 0l-424-423.429c-14.286-14.286-14.286-37.714 0-52l94.857-94.286c14.286-14.286 37.143-14.286 51.429 0l303.429 303.429 303.429-303.429c14.286-14.286 37.143-14.286 51.429 0l94.857 94.286c14.286 14.286 14.286 37.714 0 52z"],"width":1024,"attrs":[],"isMulticolor":false,"isMulticolor2":false,"tags":["chevron-down"],"defaultCode":61560,"grid":14},"attrs":[],"properties":{"name":"chevron-down","id":114,"order":19,"prevSize":28,"code":61560},"setIdx":0,"setId":5,"iconIdx":114},{"icon":{"paths":["M713.143 73.143c90.857 0 164.571 73.714 164.571 164.571v548.571c0 90.857-73.714 164.571-164.571 164.571h-107.429v-340h113.714l17.143-132.571h-130.857v-84.571c0-38.286 10.286-64 65.714-64l69.714-0.571v-118.286c-12-1.714-53.714-5.143-101.714-5.143-101.143 0-170.857 61.714-170.857 174.857v97.714h-114.286v132.571h114.286v340h-304c-90.857 0-164.571-73.714-164.571-164.571v-548.571c0-90.857 73.714-164.571 164.571-164.571h548.571z"],"width":877.7142857142857,"attrs":[],"isMulticolor":false,"isMulticolor2":false,"tags":["facebook-square"],"defaultCode":61570,"grid":14},"attrs":[],"properties":{"name":"facebook-square","id":123,"order":16,"prevSize":28,"code":61570},"setIdx":0,"setId":5,"iconIdx":123},{"icon":{"paths":["M296.571 685.714v0c1.143-1.714 0.571-5.143-1.714-7.429-2.857-2.286-6.286-2.857-8-1.143-1.143 1.714-0.571 5.143 1.714 7.429 2.857 2.286 6.286 2.857 8 1.143zM280.571 662.286c-1.714-2.286-4.571-3.429-6.857-2.286-1.714 1.143-1.714 4.571 0 6.857 2.286 2.857 5.143 4 6.857 2.857v0c1.714-1.143 1.714-4.571 0-7.429zM257.143 639.429v0c0.571-1.143-0.571-3.429-2.857-4.571-1.714-0.571-4-0.571-4.571 1.143-1.143 1.714 0 3.429 2.286 4.571 2.286 0.571 4.571 0.571 5.143-1.143zM269.143 652.571v0c1.143-1.143 1.143-4-1.143-5.714-1.714-2.286-4.571-2.857-5.714-1.714-1.714 1.714-1.143 4 0.571 6.286 1.714 1.714 4.571 2.857 6.286 1.143zM318.286 695.429v0c0.571-2.286-1.714-5.143-5.143-6.286s-6.286 0-7.429 2.286c-0.571 2.286 1.714 5.143 5.143 6.286s6.286 0 7.429-2.286zM342.286 697.143v0c0-2.286-2.857-4.571-6.857-4.571-3.429 0-5.714 2.286-5.714 4.571s2.857 4.571 6.286 4.571 6.286-2.286 6.286-4.571zM364.571 693.143v0c-0.571-2.286-4-3.429-7.429-2.857s-5.714 2.857-5.143 5.143 3.429 4 6.857 3.429 5.714-3.429 5.714-5.714zM731.429 512c0-161.714-130.857-292.571-292.571-292.571s-292.571 130.857-292.571 292.571c0 129.143 84 238.857 200 277.714 14.857 2.857 20-6.286 20-14.286 0-6.857 0-29.714-0.571-54.286 0 0-81.143 17.714-98.286-34.857 0 0-13.143-33.714-32.571-42.286 0 0-26.286-18.286 2.286-18.286 0 0 28.571 2.286 44.571 30.286 25.714 45.143 68.571 32 85.143 24.571 2.857-18.857 10.286-32 18.857-39.429-65.143-7.429-133.714-32.571-133.714-144.571 0-32 11.429-57.714 30.286-78.286-2.857-7.429-13.143-37.143 2.857-77.714 24.571-7.429 80.571 30.286 80.571 30.286 23.429-6.857 48-9.714 73.143-9.714s49.714 2.857 73.143 9.714c0 0 56-37.714 80.571-30.286 16 40.571 5.714 70.286 2.857 77.714 18.857 20.571 30.286 46.286 30.286 78.286 0 112.571-68.571 137.143-133.714 144.571 10.286 9.143 20 26.857 20 54.286 0 38.857-0.571 70.286-0.571 80 0 8 5.143 17.143 20 14.286 116-38.857 200-148.571 200-277.714zM877.714 237.714v548.571c0 90.857-73.714 164.571-164.571 164.571h-548.571c-90.857 0-164.571-73.714-164.571-164.571v-548.571c0-90.857 73.714-164.571 164.571-164.571h548.571c90.857 0 164.571 73.714 164.571 164.571z"],"width":877.7142857142857,"attrs":[],"isMulticolor":false,"isMulticolor2":false,"tags":["github-square"],"defaultCode":61586,"grid":14},"attrs":[],"properties":{"name":"github-square","id":138,"order":17,"prevSize":28,"code":61586},"setIdx":0,"setId":5,"iconIdx":138},{"icon":{"paths":["M614.286 749.714c0 4.571-2.286 9.714-5.714 13.143l-28.571 28.571c-3.429 3.429-8 5.714-13.143 5.714-4.571 0-9.714-2.286-13.143-5.714l-224.571-224.571-224.571 224.571c-3.429 3.429-8.571 5.714-13.143 5.714s-9.714-2.286-13.143-5.714l-28.571-28.571c-3.429-3.429-5.714-8.571-5.714-13.143s2.286-9.714 5.714-13.143l266.286-266.286c3.429-3.429 8.571-5.714 13.143-5.714s9.714 2.286 13.143 5.714l266.286 266.286c3.429 3.429 5.714 8.571 5.714 13.143zM614.286 530.286c0 4.571-2.286 9.714-5.714 13.143l-28.571 28.571c-3.429 3.429-8 5.714-13.143 5.714-4.571 0-9.714-2.286-13.143-5.714l-224.571-224.571-224.571 224.571c-3.429 3.429-8.571 5.714-13.143 5.714s-9.714-2.286-13.143-5.714l-28.571-28.571c-3.429-3.429-5.714-8.571-5.714-13.143s2.286-9.714 5.714-13.143l266.286-266.286c3.429-3.429 8.571-5.714 13.143-5.714s9.714 2.286 13.143 5.714l266.286 266.286c3.429 3.429 5.714 8.571 5.714 13.143z"],"width":658.2857142857142,"attrs":[],"isMulticolor":false,"isMulticolor2":false,"tags":["angle-double-up"],"defaultCode":61698,"grid":14},"attrs":[],"properties":{"name":"angle-double-up","id":231,"order":23,"prevSize":28,"code":61698},"setIdx":0,"setId":5,